0,1,2,3,4,5,6,7,8
id_departamento,Nombre,,,,,,,
001,Atlantico,,,,,,,
id_departamento,Nombre,,,,,,,
002,Bolivar,,,,,,,
id_departamento,Nombre,,,,,,,
003,Magdalena,,,,,,,
id_departamento,Nombre,,,,,,,
004,Guajira,,,,,,,
id_departamento,Nombre,,,,,,,
005,Cesar,,,,,,,
id_departamento,Nombre,,,,,,,
006,Cordoba,,,,,,,
id_departamento,Nombre,,,,,,,
007,Sucre,,,,,,,
id_departamento,Nombre,,,,,,,
008,Antioquia,,,,,,,
id_ciudad,Nombre,id_departamento,,,,,,
001,Cartagena,002,,,,,,
id_ciudad,Nombre,id_departamento,,,,,,
002,Caucacia,008,,,,,,
id_ciudad,Nombre,id_departamento,,,,,,
003,MonterÃ­a,006,,,,,,
id_ciudad,Nombre,id_departamento,,,,,,
004,ApartadÃ³,008,,,,,,
id_ciudad,Nombre,id_departamento,,,,,,
005,Santa Marta,003,,,,,,
id_ciudad,Nombre,id_departamento,,,,,,
006,MedellÃ­n,008,,,,,,
id_ciudad,Nombre,id_departamento,,,,,,
007,Valledupar,005,,,,,,
id_ciudad,Nombre,id_departamento,,,,,,
008,Rionegro,008,,,,,,
id_ciudad,Nombre,id_departamento,,,,,,
009,Sincelejo,007,,,,,,
id_ciudad,Nombre,id_departamento,,,,,,
0010,Santa Rosa de Osos,008,,,,,,
id_ciudad,Nombre,id_departamento,,,,,,
0011,San Juan del Cesar,003,,,,,,
id_ciudad,Nombre,id_departamento,,,,,,
0012,Envigado,008,,,,,,
id_ciudad,Nombre,id_departamento,,,,,,
0013,CiÃ©naga,003,,,,,,
id_ciudad,Nombre,id_departamento,,,,,,
0014,Barranquilla,001,,,,,,
id_ciudad,Nombre,id_departamento,,,,,,
0015,Guatape,008,,,,,,
id_ciudad,Nombre,id_departamento,,,,,,
0016,Maicao,004,,,,,,
id_ciudad,Nombre,id_departamento,,,,,,
0017,El peÃ±ol,008,,,,,,
id_ciudad,Nombre,id_departamento,,,,,,
0018,Uribia,004,,,,,,
id_ciudad,Nombre,id_departamento,,,,,,
0019,Caramanta,008,,,,,,
id_ciudad,Nombre,id_departamento,,,,,,
0020,Aracataca,003,,,,,,
id_ciudad,Nombre,id_departamento,,,,,,
0021,BriceÃ±o,008,,,,,,
id_ciudad,Nombre,id_departamento,,,,,,
0022,San Juan del Cesar,003,,,,,,
id_ciudad,Nombre,id_departamento,,,,,,
0023,Riohacha,004,,,,,,
id_ciudad,Nombre,id_departamento,,,,,,
0024,El banco,003,,,,,,
id_ciudad,Nombre,id_departamento,,,,,,
0025,FundaciÃ³n,003,,,,,,
id_ciudad,Nombre,id_departamento,,,,,,
0026,Puerto Berrio,008,,,,,,
id_ciudad,Nombre,id_departamento,,,,,,
0027,Marinilla,008,,,,,,
id_ciudad,Nombre,id_departamento,,,,,,
0028,Santa Catalina,002,,,,,,
id_ciudad,Nombre,id_departamento,,,,,,
0029,Turbaco,002,,,,,,
id_ciudad,Nombre,id_departamento,,,,,,
0030,San Marcos,007,,,,,,
id_sede,Nombre,Direccion,id_ciudad,,,,,
001,Terminal de Transporte Cartagena,Tv. 57 #24-236, Cartagena de Indias,001,,,,
id_sede,Nombre,Direccion,id_ciudad,,,,,
002,Tetracauca S.A.,Cl. 4a #NÂº 20 - 173,002,,,,,
id_sede,Nombre,Direccion,id_ciudad,,,,,
003,Terminal de transportes Monteria,Cl. 41 #15-20, MonterÃ­a, CÃ³rdoba,003,,,
id_sede,Nombre,Direccion,id_ciudad,,,,,
004,Terminal de Transporte de ApartadÃ³,102-104 con Calle 92,004,,,,,
id_sede,Nombre,Direccion,id_ciudad,,,,,
005,Terminal de Transportes de Santa Marta,Cl. 41 #31-17, Troncal del caribe,005,,,,
id_sede,Nombre,Direccion,id_ciudad,,,,,
006,Terminales de Transportes MedellÃ­n - Norte,Cra. 64c #78, Oleoducto,006,,,,
id_sede,Nombre,Direccion,id_ciudad,,,,,
007,Terminal de Transportes Valledupar,Carrera 7a Numero 44-156 Local 101,007,,,,,
id_sede,Nombre,Direccion,id_ciudad,,,,,
008,Terminal Rionegro,Carrera 50 - calle 56,008,,,,,
id_sede,Nombre,Direccion,id_ciudad,,,,,
009,Terminal de Transporte Sincelejo,Calle 38 #26-14,009,,,,,
id_sede,Nombre,Direccion,id_ciudad,,,,,
0010,Terminal de Transporte de Santa Rosa de Osos,Calle 31 NÂ° 30 - 10 Parque municipal,0010,,,,,
id_sede,Nombre,Direccion,id_ciudad,,,,,
0011,Expreso Brasilia S.A,Calle 7 No 10 - 28 Local 1,0011,,,,,
id_sede,Nombre,Direccion,id_ciudad,,,,,
0012,SOTRAMES S.A Terminal Las Casitas,Carrera 43A 63 S-35,0012,,,,,
id_sede,Nombre,Direccion,id_ciudad,,,,,
0013,Copetran Cienaga-Magdalena,Cl. 20 #21-80 ,0013,,,,,
id_sede,Nombre,Direccion,id_ciudad,,,,,
0014,Terminal Metropolitana de Transportes de Barranquilla S.A,Cra. 14 #54-186,0014,,,,,
id_sede,Nombre,Direccion,id_ciudad,,,,,
0015,Bus Terminal,Cra. 30 #311,0015,,,,,
id_sede,Nombre,Direccion,id_ciudad,,,,,
0016,Terminal De Transporte Maicao,Cl. 16 #10- 27,0016,,,,,
id_sede,Nombre,Direccion,id_ciudad,,,,,
0017,Empresa De Transporte Sotra PeÃ±ol,Cra. 17 #734,0017,,,,,
id_sede,Nombre,Direccion,id_ciudad,,,,,
0018,Terminal de transportes de Uribia,Cl. 4Âª #5, Uribia,0018,,,,
id_sede,Nombre,Direccion,id_ciudad,,,,,
0019,Terminal de Transporte VALPARAISO CARAMANTA,Carrera 65 8 B 91 Taq. 5,0019,,,,,
id_sede,Nombre,Direccion,id_ciudad,,,,,
0020,Terminal Berlinave,Cl 3A #1-74,0020,,,,,
id_sede,Nombre,Direccion,id_ciudad,,,,,
0021,Terminal de transportes Medellin,Cra. 64c #78 ,0021,,,,,
id_sede,Nombre,Direccion,id_ciudad,,,,,
0022,Terminal de San Juan Nepomuceno,Diagonal 17 #17 07,0022,,,,,
id_sede,Nombre,Direccion,id_ciudad,,,,,
0023,Terminal de Riohacha,A 11-129, Cl. 15 #11-1,0023,,,,
id_sede,Nombre,Direccion,id_ciudad,,,,,
0024,Paradero Bastilla,Carrera 19 # 9a â 37,0024,,,,,
id_sede,Nombre,Direccion,id_ciudad,,,,,
0025,Taquillas Media Luna-PiÃ±uelas,Carrera 3 # 17-27 of. 208 ,0025,,,,,
id_sede,Nombre,Direccion,id_ciudad,,,,,
0026,Terminal de Transporte Puerto Berrio, Carrera 4 # 48-59,0026,,,,,
id_sede,Nombre,Direccion,id_ciudad,,,,,
0027,Paradero Parque principal marinilla,Cra 64A #78-210 a 78-286,0027,,,,,
id_sede,Nombre,Direccion,id_ciudad,,,,,
0028,Paradero Variante Cartagena Camino de CampaÃ±a,Glorieta de El PozÃ³n,0028,,,,,
id_sede,Nombre,Direccion,id_ciudad,,,,,
0029,Parada Turbaco-Centro,sistema portuario del distrito de turbaco,0029,,,,,
id_sede,Nombre,Direccion,id_ciudad,,,,,
0030,Terminal de transporte Torcoroma,Cl. 21 San Marcos Sucre Colombia,0030,,,,,
id_tipo_empresa, Nombre, Descripcion,,,,,,
001,Envio de carga y mensajeria,empresa de transporte nacional de carga y mensajerÃ­a, especializada en cargas generales y perecederas, con un peso de 5 kg a 2,000 kg. Garantizamos seguridad, puntualidad y atenciÃ³n al cliente 24/7,,
id_tipo_empresa, Nombre, Descripcion,,,,,,
002,Transporte Expreso,Empresa de envÃ­os rÃ¡pidos y transporte de pasajeros con cobertura nacional, especializada en servicios urgentes.,,,,,
id_tipo_empresa, Nombre, Descripcion,,,,,,
003,Carga Nacional S.A.,Servicios de transporte de carga general y mensajerÃ­a, asÃ­ como transporte de pasajeros a nivel nacional.,,,,,
id_tipo_empresa, Nombre, Descripcion,,,,,,
004,Distribuciones Globales,Especialistas en distribuciÃ³n de productos y transporte de pasajeros, con capacidad de hasta 4,000 kg.,,,,
id_tipo_empresa, Nombre, Descripcion,,,,,,
005,MensajerÃ­a RÃ¡pida,Servicio de mensajerÃ­a rÃ¡pida y transporte de pasajeros, con entrega garantizada en 24 horas y confort en el viaje.,,,,,
id_tipo_empresa, Nombre, Descripcion,,,,,,
006,LogÃ­stica Integral,Empresa de logÃ­stica para transporte de carga pesada y transporte de pasajeros, con cobertura en todo el paÃ­s.,,,,,
id_tipo_empresa, Nombre, Descripcion,,,,,,
007,Transporte Urbano,Servicios de transporte urbano de pasajeros con vehÃ­culos confortables y tarifas accesibles, especializados en rutas locales.,,,,,
id_tipo_empresa, Nombre, Descripcion,,,,,,
008,PaqueterÃ­a Global,Servicio de paqueterÃ­a y transporte de pasajeros, asegurando comodidad y seguridad en el viaje y entrega.,,,,,
id_tipo_empresa, Nombre, Descripcion,,,,,,
009,Servicios de MensajerÃ­a,MensajerÃ­a de documentos y transporte de pasajeros con entrega en 24 horas y seguimiento en tiempo real.,,,,,,
id_tipo_empresa, Nombre, Descripcion,,,,,,
0010,LogÃ­stica y Transporte,Transporte de carga general y servicios de transporte de pasajeros a nivel nacional, con atenciÃ³n al cliente 24/7.,,,,,
id_tipo_empresa, Nombre, Descripcion,,,,,,
0011,Carga Internacional,Transporte internacional de mercancÃ­as y servicios de pasajeros con opciones de envÃ­o marÃ­timo, aÃ©reo y terrestre.,,,,,
id_tipo_empresa, Nombre, Descripcion,,,,,,
0012,Transporte y Pasajeros,Transporte especializado en carga y servicios de pasajeros, garantizando seguridad y confort en el viaje.,,,,,
id_tipo_empresa, Nombre, Descripcion,,,,,,
0013,EnvÃ­os RÃ¡pidos,Empresa de envÃ­os locales y nacionales con servicios de transporte ligero y transporte de pasajeros hasta 1,200 kg.,,,,,
id_tipo_empresa, Nombre, Descripcion,,,,,,
0014,Carga Pesada S.A.,Especialistas en transporte de carga pesada y viajes de pasajeros con capacidad de hasta 6,000 kg.,,,,,
id_tipo_empresa, Nombre, Descripcion,,,,,,
0015,PaqueterÃ­a Nacional,Servicio de paqueterÃ­a y transporte de pasajeros con entrega garantizada y atenciÃ³n al cliente 24/7.,,,,,,
id_tipo_empresa, Nombre, Descripcion,,,,,,
0016,MensajerÃ­a y Carga,Servicios combinados de mensajerÃ­a y transporte de pasajeros a nivel nacional, con atenciÃ³n personalizada.,,,,,
id_tipo_empresa, Nombre, Descripcion,,,,,,
0017,Transporte del Norte,Transporte de carga y pasajeros, con capacidad de hasta 2,000 kg y rutas hacia el norte del paÃ­s.,,,,
id_tipo_empresa, Nombre, Descripcion,,,,,,
0018,EnvÃ­os Nacionales S.A.,Transporte de carga y servicio de transporte de pasajeros, asegurando seguridad y rapidez en los envÃ­os.,,,,,
id_tipo_empresa, Nombre, Descripcion,,,,,,
0019,Cargas y LogÃ­stica,Soluciones logÃ­sticas para carga y transporte de pasajeros, con capacidad de hasta 4,000 kg y atenciÃ³n al cliente.,,,,
id_tipo_empresa, Nombre, Descripcion,,,,,,
0020,Servicios de Carga,Transporte de carga y transporte de pasajeros con cobertura nacional, asegurando un servicio eficiente y confiable.,,,,,
id_tipo_empresa, Nombre, Descripcion,,,,,,
0021,MensajerÃ­a Expreso,Servicio rÃ¡pido de entrega de documentos y transporte de pasajeros a nivel local y regional con seguimiento.,,,,,,
id_tipo_empresa, Nombre, Descripcion,,,,,,
0022,Transporte y DistribuciÃ³n,LogÃ­stica de transporte de carga y pasajeros, con capacidad de hasta 5,000 kg, a nivel nacional.,,,
id_tipo_empresa, Nombre, Descripcion,,,,,,
0023,PaqueterÃ­a Express,PaqueterÃ­a rÃ¡pida y transporte de pasajeros con entrega garantizada en 48 horas y confort en el viaje.,,,,,,
id_tipo_empresa, Nombre, Descripcion,,,,,,
0024,LogÃ­stica Nacional,Transporte de mercancÃ­as no perecederas y servicios de transporte de pasajeros con atenciÃ³n al cliente 24/7.,,,,,,
id_tipo_empresa, Nombre, Descripcion,,,,,,
0025,EnvÃ­os y Pasajeros,Empresa de transporte de carga y servicios de pasajeros con capacidad de hasta 1,200 kg, ofreciendo entregas rÃ¡pidas.,,,,
id_tipo_empresa, Nombre, Descripcion,,,,,,
0026,Carga Urgente S.A.,Transporte de carga urgente y servicios de transporte de pasajeros, manejando pesos de hasta 2,000 kg.,,,,
id_tipo_empresa, Nombre, Descripcion,,,,,,
0027,Distribuciones ExprÃ©s,Especialistas en transporte de productos perecederos y servicios de transporte de pasajeros a nivel nacional.,,,,,,
id_tipo_empresa, Nombre, Descripcion,,,,,,
0028,MensajerÃ­a y LogÃ­stica,Empresa de mensajerÃ­a rÃ¡pida y transporte de pasajeros a nivel nacional con seguimiento en tiempo real.,,,,,,
id_tipo_empresa, Nombre, Descripcion,,,,,,
0029,Carga Segura S.A.,Transporte especializado en productos delicados y servicios de transporte de pasajeros con capacidad de hasta 2,500 kg.,,,,,
id_tipo_empresa, Nombre, Descripcion,,,,,,
0030,MensajerÃ­a Nacional,Servicios de mensajerÃ­a y transporte de pasajeros a nivel nacional con entregas rÃ¡pidas y seguras de hasta 1,000 kg.,,,,,
id_tipo_empresa, Nombre, Descripcion,,,,,,
0031,PaqueterÃ­a Global,Transporte de paquetes y carga ligera, asÃ­ como servicios de transporte de pasajeros con entregas a nivel nacional.,,,,,
id_tipo_empresa, Nombre, Descripcion,,,,,,
0032,Carga Total S.A.,Especializados en transporte de carga general y servicios de transporte de pasajeros con capacidad de hasta 4,000 kg a nivel nacional.,,,,,
id_empresa, Nombre, Telefono, Correo, Direccion, id_tipo_empresa,,,
001,Flota La Macarena,601 421 2256,servicioalcliente@flotalamacarena.com,Cr52 D 76-67 L-1111 -Palatino,001,,,
id_empresa, Nombre, Telefono, Correo, Direccion, id_tipo_empresa,,,
002,Transporte del Norte,601 331 5345,info@transportedelnorte.com,Av. Calle 26 # 80-29,002,,,
id_empresa, Nombre, Telefono, Correo, Direccion, id_tipo_empresa,,,
003,Transportes Flota Taxis Libres,601 423 0001,contacto@flotataxislibres.com,Calle 10 # 36-75,003,,,
id_empresa, Nombre, Telefono, Correo, Direccion, id_tipo_empresa,,,
004,Expreso Brasilia,601 745 7555,info@expresobrasilia.com,Calle 22 # 77-60,004,,,
id_empresa, Nombre, Telefono, Correo, Direccion, id_tipo_empresa,,,
005,Copetran,601 660 7880,atencion@copetran.com,Carrera 14 # 7-40,005,,,
id_empresa, Nombre, Telefono, Correo, Direccion, id_tipo_empresa,,,
006,Flota La Macarena,601 421 2256,servicioalcliente@flotalamacarena.com,Cr52 D 76-67 L-1111 - C.C. Palatino,006,,,
id_empresa, Nombre, Telefono, Correo, Direccion, id_tipo_empresa,,,
007,Expreso Palmira,601 328 5050,info@expresopalmira.com,Av. JimÃ©nez # 5-70,007,,,
id_empresa, Nombre, Telefono, Correo, Direccion, id_tipo_empresa,,,
008,Transportes MÃ³vil,601 326 1030,info@transportesmobil.com,Calle 34 # 19-45,008,,,
id_empresa, Nombre, Telefono, Correo, Direccion, id_tipo_empresa,,,
009,Flota San Jorge,601 510 7070,atencion@flotasanjorge.com,Carrera 40 # 21-30,009,,,
id_empresa, Nombre, Telefono, Correo, Direccion, id_tipo_empresa,,,
0010,Transportes Caribe,601 484 8240,info@transportescaribe.com,Calle 5 # 43-70,0010,,,
id_empresa, Nombre, Telefono, Correo, Direccion, id_tipo_empresa,,,
0011,Expreso Bolivariano,601 427 7070,contacto@expresobolivariano.com,Calle 24 # 43-30,0011,,,
id_empresa, Nombre, Telefono, Correo, Direccion, id_tipo_empresa,,,
0012,Flota 5 Estrellas,601 786 8787,servicio@flota5estrellas.com,Av. NQS # 80-40,0012,,,
id_empresa, Nombre, Telefono, Correo, Direccion, id_tipo_empresa,,,
0013,Transportes Valle,601 341 3141,info@transportesvalle.com,Calle 20 # 27-32,0013,,,
id_empresa, Nombre, Telefono, Correo, Direccion, id_tipo_empresa,,,
0014,Transportes Zuluaga,601 350 5050,contacto@transporteszuluaga.com,Calle 30 # 10-35,0014,,,
id_empresa, Nombre, Telefono, Correo, Direccion, id_tipo_empresa,,,
0015,Transportes Cootransvalle,601 345 6767,info@cootransvalle.com,Av. Las AmÃ©ricas # 15-20,0015,,,
id_empresa, Nombre, Telefono, Correo, Direccion, id_tipo_empresa,,,
0016,Flota Sultana,601 317 4777,atencion@flotasultana.com,Calle 23 # 43-50,0016,,,
id_empresa, Nombre, Telefono, Correo, Direccion, id_tipo_empresa,,,
0017,Transportes El Roble,601 602 1414,contacto@transporteselroble.com,Carrera 15 # 45-15,0017,,,
id_empresa, Nombre, Telefono, Correo, Direccion, id_tipo_empresa,,,
0018,Flotas Verdes,601 222 7878,servicio@flotaverde.com,Calle 16 # 20-40,0018,,,
id_empresa, Nombre, Telefono, Correo, Direccion, id_tipo_empresa,,,
0019,Transportes La Ciudad,601 305 9090,info@transporteslaciudad.com,Av. NQS # 65-40,0019,,,
id_empresa, Nombre, Telefono, Correo, Direccion, id_tipo_empresa,,,
0020,Expreso Valle del Cauca,601 528 5555,atencion@expresovalledelcauca.com,Calle 50 # 17-60,0020,,,
id_empresa, Nombre, Telefono, Correo, Direccion, id_tipo_empresa,,,
0021,Flota La Esperanza,601 420 6060,contacto@flotalaesperanza.com,Calle 13 # 38-70,0021,,,
id_empresa, Nombre, Telefono, Correo, Direccion, id_tipo_empresa,,,
0022,Transporte del Caribe,601 456 3333,info@transportedelcaribe.com,Carrera 80 # 10-25,0022,,,
id_empresa, Nombre, Telefono, Correo, Direccion, id_tipo_empresa,,,
0023,Flota AtlÃ¡ntico,601 515 5454,contacto@flotaatlantico.com,Calle 50 # 30-20,0023,,,
id_empresa, Nombre, Telefono, Correo, Direccion, id_tipo_empresa,,,
0024,Transportes El Puente,601 254 9090,info@transporteselpuente.com,Carrera 12 # 15-60,0024,,,
id_empresa, Nombre, Telefono, Correo, Direccion, id_tipo_empresa,,,
0025,Flota RÃ¡pida,601 452 5555,servicio@flotarapida.com,Calle 33 # 22-45,0025,,,
id_empresa, Nombre, Telefono, Correo, Direccion, id_tipo_empresa,,,
0026,Transporte El Dorado,601 528 7777,info@transporteelorado.com,Carrera 10 # 45-60,0026,,,
id_empresa, Nombre, Telefono, Correo, Direccion, id_tipo_empresa,,,
0027,Flota Suroeste,601 333 4444,contacto@flotasuroeste.com,Calle 23 # 22-10,0027,,,
id_empresa, Nombre, Telefono, Correo, Direccion, id_tipo_empresa,,,
0028,Transportes La Libertad,601 765 9090,info@transporteslalibertad.com,Carrera 4 # 30-40,0028,,,
id_empresa, Nombre, Telefono, Correo, Direccion, id_tipo_empresa,,,
0029,Expreso Panamericana,601 421 8000,atencion@expresopanamericana.com,Calle 32 # 21-50,0029,,,
id_empresa, Nombre, Telefono, Correo, Direccion, id_tipo_empresa,,,
0030,Flota Viajero,601 511 6767,contacto@flotaviajero.com,Av. SimÃ³n BolÃ­var # 12-15,0030,,,
id_empresa, Nombre, Telefono, Correo, Direccion, id_tipo_empresa,,,
0031,Transporte Intermunicipal,601 622 8888,info@transporteintermunicipal.com,Calle 25 # 30-50,0031,,,
id_empresa, Nombre, Telefono, Correo, Direccion, id_tipo_empresa,,,
0032,Flota del Caribe,601 899 7878,contacto@flotadelcaribe.com,Calle 8 # 28-80,0032,,,
id_modulo,Nombre,id_sede,,,,,,
001,La Macarena,001,,,,,,
id_modulo,Nombre,id_sede,,,,,,
002,Expreso Brasilia,002,,,,,,
id_modulo,Nombre,id_sede,,,,,,
003,RÃ¡pido Ochoa,003,,,,,,
id_modulo,Nombre,id_sede,,,,,,
004,Coomotor,004,,,,,,
id_modulo,Nombre,id_sede,,,,,,
005,Expreso Bolivariano,005,,,,,,
id_modulo,Nombre,id_sede,,,,,,
006,Flota Magdalena,006,,,,,,
id_modulo,Nombre,id_sede,,,,,,
007,Copetran,007,,,,,,
id_modulo,Nombre,id_sede,,,,,,
008,Cootranshuila,008,,,,,,
id_modulo,Nombre,id_sede,,,,,,
009,Flota Occidental,009,,,,,,
id_modulo,Nombre,id_sede,,,,,,
0010,Berlinas del Fonce,010,,,,,,
id_modulo,Nombre,id_sede,,,,,,
0011,Rapido Tolima,011,,,,,,
id_modulo,Nombre,id_sede,,,,,,
0012,Cootransmagdalena,012,,,,,,
id_modulo,Nombre,id_sede,,,,,,
0013,Unitransco,013,,,,,,
id_modulo,Nombre,id_sede,,,,,,
0014,Expreso Palmira,014,,,,,,
id_modulo,Nombre,id_sede,,,,,,
0015,Transportes Luz,015,,,,,,
id_modulo,Nombre,id_sede,,,,,,
0016,Transportes San SebastiÃ¡n,016,,,,,,
id_modulo,Nombre,id_sede,,,,,,
0017,Cootransince,017,,,,,,
id_modulo,Nombre,id_sede,,,,,,
0018,Flota Rionegro,018,,,,,,
id_modulo,Nombre,id_sede,,,,,,
0019,Transoriente,019,,,,,,
id_modulo,Nombre,id_sede,,,,,,
0020,La CosteÃ±a,020,,,,,,
id_modulo,Nombre,id_sede,,,,,,
0021,Transcuba,021,,,,,,
id_modulo,Nombre,id_sede,,,,,,
0022,Flota Cauca,022,,,,,,
id_modulo,Nombre,id_sede,,,,,,
0023,Velotax,023,,,,,,
id_modulo,Nombre,id_sede,,,,,,
0024,Transportes Arimena,024,,,,,,
id_modulo,Nombre,id_sede,,,,,,
0025,Expreso Pradera,025,,,,,,
id_modulo,Nombre,id_sede,,,,,,
0026,Tax Belalcazar,026,,,,,,
id_modulo,Nombre,id_sede,,,,,,
0027,Auto Transportes,027,,,,,,
id_modulo,Nombre,id_sede,,,,,,
0028,Cootransuroccidente,028,,,,,,
id_modulo,Nombre,id_sede,,,,,,
0029,Transportes Amerlujo,029,,,,,,
id_modulo,Nombre,id_sede,,,,,,
0030,Expreso Santander,030,,,,,,
id_tipo_empleado, Nombre, Descripcion,,,,,,
001, Conductor, Responsable de la conducciÃ³n de los buses,,,,,,
002, Supervisor, Encargado de supervisar operaciones,,,,,,
003, Ayudante, Asiste al conductor y ayuda con la carga y descarga,,,,,,
004, MecÃ¡nico, Encargado del mantenimiento y reparaciÃ³n de los vehÃ­culos,,,,,,
005, Administrativo, GestiÃ³n de documentaciÃ³n y atenciÃ³n al cliente,,,,,,
006, Vigilante, Seguridad y protecciÃ³n de las instalaciones,,,,,,
007, Despachador, Coordina la salida de los buses y la atenciÃ³n a los pasajeros,,,,,,
008, Gestor de Flota, Supervisa y gestiona el uso de los vehÃ­culos,,,,,,
009, Coordinador de Rutas, Planifica y coordina las rutas de los buses,,,,,,
010, Contador, Encargado de las finanzas y contabilidad de la empresa,,,,,,
011, Asistente de Recursos Humanos, Apoya en la gestiÃ³n del personal,,,,,,
012, TÃ©cnico en Seguridad, Asegura el cumplimiento de las normas de seguridad,,,,,,
013, Operador de Sistemas, Gestiona el software y la tecnologÃ­a utilizada en la empresa,,,,,,
014, Encargado de Marketing, Desarrolla estrategias de marketing y comunicaciÃ³n,,,,,,
015, Analista de Datos, Analiza datos para mejorar la eficiencia de la empresa,,,,,,
016, Jefe de Ventas, Lidera el equipo de ventas y estrategias comerciales,,,,,,
017, Planificador de Transporte, Organiza y optimiza rutas de transporte,,,,,,
018, Asistente Administrativo, Apoya en tareas administrativas y de oficina,,,,,,
019, Especialista en LogÃ­stica, Optimiza la cadena de suministro y distribuciÃ³n,,,,,,
020, Auxiliar Contable, Asiste en la contabilidad y registro de operaciones,,,,,,
021, TÃ©cnico en Mantenimiento, Realiza mantenimiento preventivo y correctivo,,,,,,
022, Investigador de Mercado, Estudia el mercado y la competencia,,,,,,
023, DiseÃ±ador GrÃ¡fico, Crea contenido visual y grÃ¡fico para la empresa,,,,,,
024, Analista de Recursos Humanos, Analiza y gestiona el talento humano,,,,,,
025, Director de Operaciones, Supervisa las operaciones diarias de la empresa,,,,,,
026, Entrenador de Personal, Capacita y entrena al personal en sus funciones,,,,,,
027, Asesor Legal, Brinda asesorÃ­a legal a la empresa,,,,,,
028, Coordinador de Seguridad, Asegura el cumplimiento de normas de seguridad,,,,,,
029, Consultor de Proyectos, Asesora en la planificaciÃ³n y ejecuciÃ³n de proyectos,,,,,,
030, Promotor de Ventas, Promociona los servicios de la empresa ante los clientes,,,,,,
cedula_empleado, Nombres, Apellidos, Telefono, correo, id_ciudad_origen, id_ciudad_residencia, id_tipo_empleado, id_Sede
100001, Juan, Perez, 3001234567, juan.perez@empresa.com, 001, 0030, 001, 001
100002, Maria, Gomez, 3002345678, maria.gomez@empresa.com, 002, 0029, 002, 002
100003, Carlos, Lopez, 3003456789, carlos.lopez@empresa.com,003, 0028, 003, 003
100004, Ana, Martinez, 3004567890, ana.martinez@empresa.com,004, 0027, 004, 004
100005, Luis, Garcia, 3005678901, luis.garcia@empresa.com, 005, 0026, 005, 005
100006, Laura, Rodriguez, 3006789012, laura.rodriguez@empresa.com, 006, 0025, 006, 006
100007, Pedro, Hernandez, 3007890123, pedro.hernandez@empresa.com, 007, 0024, 007, 007
100008, Sofia, Fernandez, 3008901234, sofia.fernandez@empresa.com,008, 0023, 008, 008
100009, Jose, Ramirez, 3009012345, jose.ramirez@empresa.com, 009, 0022, 009, 009
100010, Elena, Torres, 3000123456, elena.torres@empresa.com, 0010, 0021, 0010, 0010
100011, Miguel, Vargas, 3011234567, miguel.vargas@empresa.com, 0011, 0020, 0011, 0011
100012, Diana, Castro, 3012345678, diana.castro@empresa.com, 0012, 0019, 0012, 0012
100013, Andres, Morales, 3013456789, andres.morales@empresa.com, 0013, 0018, 0013, 0013
100014, Monica, Sanchez, 3014567890, monica.sanchez@empresa.com, 0014, 0017, 0014, 0014
100015, Ricardo, Ortega, 3015678901, ricardo.ortega@empresa.com, 0015, 0016, 0015, 0015
100016, Paula, Rubio, 3016789012, paula.rubio@empresa.com, 0016, 0015, 0016, 0016
100017, Fernando, Guzman, 3017890123, fernando.guzman@empresa.com, 0017, 0014, 0017, 0017
100018, Adriana, Mendoza, 3018901234, adriana.mendoza@empresa.com, 0018, 0013, 0018, 0018
100019, Jorge, Silva, 3019012345, jorge.silva@empresa.com, 0019, 0012, 0019, 0019
100020, Gabriela, Rios, 3010123456, gabriela.rios@empresa.com, 0020, 0011, 0020, 0020
100021, Victor, Diaz, 3021234567, victor.diaz@empresa.com, 0021, 0010, 0021, 0021
100022, Sara, Cortes, 3022345678, sara.cortes@empresa.com,0022, 009, 0022, 0022
100023, Raul, Acosta, 3023456789, raul.acosta@empresa.com, 0023, 008, 0023, 0023
100024, Isabel, Nunez, 3024567890, isabel.nunez@empresa.com, 0024, 007, 0024, 0024
100025, Oscar, Molina, 3025678901, oscar.molina@empresa.com, 0025, 006, 0025, 0025
100026, Claudia, Vega, 3026789012, claudia.vega@empresa.com, 0026, 005, 0026, 0026
100027, Alberto, Salazar, 3027890123, alberto.salazar@empresa.com, 0027, 004, 0027, 0027
100028, Julia, Flores, 3028901234, julia.flores@empresa.com, 0028, 003, 0028, 0028
100029, Emilio, Ibanez, 3029012345, emilio.ibanez@empresa.com, 0029, 002, 0029, 0029
100030, Carmen, Suarez, 3020123456, carmen.suarez@empresa.com, 0030, 001, 0030, 0030
id_tipo_bus, Nombre,,,,,,,
001, Bus de larga distancia,,,,,,,
id_tipo_bus, Nombre,,,,,,,
002, Bus intermunicipal,,,,,,,
id_tipo_bus, Nombre,,,,,,,
003, Bus urbano,,,,,,,
id_tipo_bus, Nombre,,,,,,,
004, Bus turÃ­stico,,,,,,,
id_tipo_bus, Nombre,,,,,,,
005, Bus escolar,,,,,,,
id_tipo_bus, Nombre,,,,,,,
006, Bus para eventos,,,,,,,
id_tipo_bus, Nombre,,,,,,,
007, Bus de transporte de mercancÃ­as,,,,,,,
id_tipo_bus, Nombre,,,,,,,
008, Bus adaptado para personas con discapacidad,,,,,,,
id_tipo_bus, Nombre,,,,,,,
009, Bus de lujo,,,,,,,
id_tipo_bus, Nombre,,,,,,,
010, MinibÃºs,,,,,,,
id_tipo_bus, Nombre,,,,,,,
011, MicrobÃºs,,,,,,,
id_tipo_bus, Nombre,,,,,,,
012, Bus de dos pisos,,,,,,,
id_tipo_bus, Nombre,,,,,,,
013, Bus expreso,,,,,,,
id_tipo_bus, Nombre,,,,,,,
014, Bus de trÃ¡nsito rÃ¡pido,,,,,,,
id_tipo_bus, Nombre,,,,,,,
015, Bus de carga,,,,,,,
id_tipo_bus, Nombre,,,,,,,
016, Bus de turismo de aventura,,,,,,,
id_tipo_bus, Nombre,,,,,,,
017, Bus de transporte rural,,,,,,,
id_tipo_bus, Nombre,,,,,,,
018, Bus de flota,,,,,,,
id_tipo_bus, Nombre,,,,,,,
019, Bus de servicio nocturno,,,,,,,
id_tipo_bus, Nombre,,,,,,,
020, Bus de transporte escolar,,,,,,,
id_tipo_bus, Nombre,,,,,,,
021, Bus de transporte turÃ­stico,,,,,,,
id_tipo_bus, Nombre,,,,,,,
022, Bus de asistencia mÃ©dica,,,,,,,
id_tipo_bus, Nombre,,,,,,,
023, Bus de transporte de personal,,,,,,,
id_tipo_bus, Nombre,,,,,,,
024, Bus de conexiÃ³n,,,,,,,
id_tipo_bus, Nombre,,,,,,,
025, Bus de cercanÃ­as,,,,,,,
id_tipo_bus, Nombre,,,,,,,
026, Bus de transporte universitario,,,,,,,
id_tipo_bus, Nombre,,,,,,,
027, Bus turÃ­stico cultural,,,,,,,
id_tipo_bus, Nombre,,,,,,,
028, Bus de transporte comunitario,,,,,,,
id_tipo_bus, Nombre,,,,,,,
029, Bus de transporte de trabajadores,,,,,,,
id_tipo_bus, Nombre,,,,,,,
030, Bus de transporte alternativo,,,,,,,
Placa, Marca, Capacidad, id_tipo_bus, id_empresa, id_empleado,,,
ABC-123, Mercedes-Benz, 50, 001, 001, 100001,,,
Placa, Marca, Capacidad, id_tipo_bus, id_empresa, id_empleado,,,
DEF-456, Volvo, 40, 002, 002, 100002,,,
Placa, Marca, Capacidad, id_tipo_bus, id_empresa, id_empleado,,,
GHI-789, Scania, 55, 003, 003, 100003,,,
Placa, Marca, Capacidad, id_tipo_bus, id_empresa, id_empleado,,,
JKL-012, Iveco, 45, 004, 004, 100004,,,
Placa, Marca, Capacidad, id_tipo_bus, id_empresa, id_empleado,,,
MNO-345, Renault, 60, 005, 005, 100005,,,
Placa, Marca, Capacidad, id_tipo_bus, id_empresa, id_empleado,,,
PQR-678, Man, 50, 006, 006, 100006,,,
Placa, Marca, Capacidad, id_tipo_bus, id_empresa, id_empleado,,,
STU-901, Toyota, 30, 007, 007, 100007,,,
Placa, Marca, Capacidad, id_tipo_bus, id_empresa, id_empleado,,,
VWX-234, Isuzu, 40, 008, 008, 100008,,,
Placa, Marca, Capacidad, id_tipo_bus, id_empresa, id_empleado,,,
YZA-567, Chevrolet, 35, 009, 009, 100009,,,
Placa, Marca, Capacidad, id_tipo_bus, id_empresa, id_empleado,,,
BCD-890, Nissan, 30, 0010, 0010, 100010,,,
Placa, Marca, Capacidad, id_tipo_bus, id_empresa, id_empleado,,,
EFG-123, Hino, 40, 0011, 0011, 100011,,,
Placa, Marca, Capacidad, id_tipo_bus, id_empresa, id_empleado,,,
HIJ-456, Mitsubishi, 50, 0012, 0012, 100012,,,
Placa, Marca, Capacidad, id_tipo_bus, id_empresa, id_empleado,,,
KLM-789, Kia, 30, 0013, 0013, 100013,,,
Placa, Marca, Capacidad, id_tipo_bus, id_empresa, id_empleado,,,
NOP-012, Ford, 40, 0014, 0014, 100014,,,
Placa, Marca, Capacidad, id_tipo_bus, id_empresa, id_empleado,,,
QRS-345, Peugeot, 35, 0015, 0015, 100015,,,
Placa, Marca, Capacidad, id_tipo_bus, id_empresa, id_empleado,,,
TUV-678, Hyundai, 45, 0016, 0016, 100016,,,
Placa, Marca, Capacidad, id_tipo_bus, id_empresa, id_empleado,,,
WXY-901, Tata, 50, 0017, 0017, 100017,,,
Placa, Marca, Capacidad, id_tipo_bus, id_empresa, id_empleado,,,
ZAB-234, Daimler, 60, 0018, 0018, 100018,,,
Placa, Marca, Capacidad, id_tipo_bus, id_empresa, id_empleado,,,
CDE-567, Fuso, 40, 0019, 0019, 100019,,,
Placa, Marca, Capacidad, id_tipo_bus, id_empresa, id_empleado,,,
FGH-890, MAN, 50, 0020, 0020, 100020,,,
Placa, Marca, Capacidad, id_tipo_bus, id_empresa, id_empleado,,,
HIJ-123, Volvo, 45, 0021, 0021, 100021,,,
Placa, Marca, Capacidad, id_tipo_bus, id_empresa, id_empleado,,,
KLM-456, Scania, 55, 0022, 0022, 100022,,,
Placa, Marca, Capacidad, id_tipo_bus, id_empresa, id_empleado,,,
NOP-789, Iveco, 30, 0023, 0023, 100023,,,
Placa, Marca, Capacidad, id_tipo_bus, id_empresa, id_empleado,,,
QRS-012, Renault, 60, 0024, 0024, 100024,,,
Placa, Marca, Capacidad, id_tipo_bus, id_empresa, id_empleado,,,
TUV-345, Chevrolet, 35, 0025, 0025, 100025,,,
Placa, Marca, Capacidad, id_tipo_bus, id_empresa, id_empleado,,,
WXY-678, Nissan, 30, 0026, 0026, 100026,,,
Placa, Marca, Capacidad, id_tipo_bus, id_empresa, id_empleado,,,
ZAB-901, Hino, 40, 0027, 0027, 100027,,,
Placa, Marca, Capacidad, id_tipo_bus, id_empresa, id_empleado,,,
RPC-756, Suzuki, 15, 0028, 0028, 100028,,,
Placa, Marca, Capacidad, id_tipo_bus, id_empresa, id_empleado,,,
JXK-086, Mercedes-Benz, 40, 0029, 0029, 100029,,,
Placa, Marca, Capacidad, id_tipo_bus, id_empresa, id_empleado,,,
HIS-063, Suzuki, 25, 0030, 0030, 100030,,,
id_tipo_mantenimiento, Nombre, Descripcion,,,,,,
001, Preventivo, Mantenimiento periÃ³dico para evitar fallos.,,,,,,
id_tipo_mantenimiento, Nombre, Descripcion,,,,,,
002, Correctivo, ReparaciÃ³n de fallos imprevistos.,,,,,,
id_tipo_mantenimiento, Nombre, Descripcion,,,,,,
003, Cambio de Aceite, SustituciÃ³n de lubricantes del motor.,,,,,,
id_tipo_mantenimiento, Nombre, Descripcion,,,,,,
004, RevisiÃ³n General, Chequeo completo del estado del vehÃ­culo.,,,,,,
id_tipo_mantenimiento, Nombre, Descripcion,,,,,,
005, AlineaciÃ³n y Balanceo, Ajuste de las llantas para un mejor rendimiento.,,,,,,
id_tipo_mantenimiento, Nombre, Descripcion,,,,,,
006, RevisiÃ³n de Frenos, VerificaciÃ³n y ajuste del sistema de frenos.,,,,,,
id_tipo_mantenimiento, Nombre, Descripcion,,,,,,
007, RevisiÃ³n del Motor, Chequeo y ajuste de componentes del motor.,,,,,,
id_tipo_mantenimiento, Nombre, Descripcion,,,,,,
008, ReparaciÃ³n de CarrocerÃ­a, Reparaciones externas de la estructura del vehÃ­culo.,,,,,,
id_tipo_mantenimiento, Nombre, Descripcion,,,,,,
009, RevisiÃ³n de SuspensiÃ³n, Ajuste y cambio de partes de la suspensiÃ³n.,,,,,,
id_tipo_mantenimiento, Nombre, Descripcion,,,,,,
010, RevisiÃ³n del Sistema ElÃ©ctrico, Chequeo y reparaciÃ³n del sistema elÃ©ctrico.,,,,,,
id_tipo_mantenimiento, Nombre, Descripcion,,,,,,
011, RevisiÃ³n de TransmisiÃ³n, Chequeo y ajuste de la caja de cambios.,,,,,,
id_tipo_mantenimiento, Nombre, Descripcion,,,,,,
012, Cambio de NeumÃ¡ticos, SustituciÃ³n de llantas desgastadas.,,,,,,
id_tipo_mantenimiento, Nombre, Descripcion,,,,,,
013, Cambio de Filtros, SustituciÃ³n de filtros de aire y aceite.,,,,,,
id_tipo_mantenimiento, Nombre, Descripcion,,,,,,
014, RevisiÃ³n de DirecciÃ³n, Chequeo del sistema de direcciÃ³n.,,,,,,
id_tipo_mantenimiento, Nombre, Descripcion,,,,,,
015, RevisiÃ³n de Emisiones, Control de emisiÃ³n de gases.,,,,,,
id_tipo_mantenimiento, Nombre, Descripcion,,,,,,
016, Cambio de BaterÃ­a, SustituciÃ³n de la baterÃ­a del vehÃ­culo.,,,,,,
id_tipo_mantenimiento, Nombre, Descripcion,,,,,,
017, Mantenimiento de ClimatizaciÃ³n, RevisiÃ³n del sistema de aire acondicionado.,,,,,,
id_tipo_mantenimiento, Nombre, Descripcion,,,,,,
018, RevisiÃ³n de Correas, Chequeo y sustituciÃ³n de correas del motor.,,,,,,
id_tipo_mantenimiento, Nombre, Descripcion,,,,,,
019, RevisiÃ³n de Inyectores, Chequeo del sistema de inyecciÃ³n de combustible.,,,,,,
id_tipo_mantenimiento, Nombre, Descripcion,,,,,,
020, RevisiÃ³n de Radiador, Chequeo y limpieza del radiador.,,,,,,
id_tipo_mantenimiento, Nombre, Descripcion,,,,,,
021, ReparaciÃ³n del Sistema de Escape, ReparaciÃ³n de partes del escape.,,,,,,
id_tipo_mantenimiento, Nombre, Descripcion,,,,,,
022, Cambio de Pastillas de Freno, SustituciÃ³n de pastillas de freno.,,,,,,
id_tipo_mantenimiento, Nombre, Descripcion,,,,,,
023, RevisiÃ³n de Luces, Chequeo y ajuste del sistema de iluminaciÃ³n.,,,,,,
id_tipo_mantenimiento, Nombre, Descripcion,,,,,,
024, RevisiÃ³n de Amortiguadores, Chequeo y ajuste de amortiguadores.,,,,,,
id_tipo_mantenimiento, Nombre, Descripcion,,,,,,
025, Chequeo de Cables, VerificaciÃ³n de los cables elÃ©ctricos.,,,,,,
id_tipo_mantenimiento, Nombre, Descripcion,,,,,,
026, RevisiÃ³n de Caja de Cambios, Chequeo de cambios automÃ¡ticos o manuales.,,,,,,
id_tipo_mantenimiento, Nombre, Descripcion,,,,,,
027, RevisiÃ³n del Sistema de Frenado ABS, Chequeo del sistema de frenos ABS.,,,,,,
id_tipo_mantenimiento, Nombre, Descripcion,,,,,,
028, RevisiÃ³n del Sistema de Combustible, Chequeo del tanque de combustible y mangueras.,,,,,,
id_tipo_mantenimiento, Nombre, Descripcion,,,,,,
029, Chequeo de TransmisiÃ³n AutomÃ¡tica, VerificaciÃ³n de la transmisiÃ³n automÃ¡tica.,,,,,,
id_tipo_mantenimiento, Nombre, Descripcion,,,,,,
030, RevisiÃ³n de DirecciÃ³n HidrÃ¡ulica, Chequeo del sistema de direcciÃ³n hidrÃ¡ulica.,,,,,,
id_mantenimiento, Descripcion, Fecha_mantenimiento, id_tipo_mantenimiento, id_bus,,,,
001, Cambio de aceite y revisiÃ³n general, 2024-01-10, 001, ABC-123,,,,
id_mantenimiento, Descripcion, Fecha_mantenimiento, id_tipo_mantenimiento, id_bus,,,,
002, Ajuste de frenos, 2024-01-15, 002, DEF-456,,,,
id_mantenimiento, Descripcion, Fecha_mantenimiento, id_tipo_mantenimiento, id_bus,,,,
003, Cambio de llantas, 2024-01-20, 003, GHI-789,,,,
id_mantenimiento, Descripcion, Fecha_mantenimiento, id_tipo_mantenimiento, id_bus,,,,
004, Ajuste de direcciÃ³n, 2024-01-25, 004, JKL-012,,,,
id_mantenimiento, Descripcion, Fecha_mantenimiento, id_tipo_mantenimiento, id_bus,,,,
005, AlineaciÃ³n y balanceo, 2024-02-01, 005, MNO-345,,,,
id_mantenimiento, Descripcion, Fecha_mantenimiento, id_tipo_mantenimiento, id_bus,,,,
006, Cambio de pastillas de freno, 2024-02-05, 006, PQR-678,,,,
id_mantenimiento, Descripcion, Fecha_mantenimiento, id_tipo_mantenimiento, id_bus,,,,
007, RevisiÃ³n del sistema elÃ©ctrico, 2024-02-10, 007, STU-901,,,,
id_mantenimiento, Descripcion, Fecha_mantenimiento, id_tipo_mantenimiento, id_bus,,,,
008, Cambio de baterÃ­a, 2024-02-15, 008, VWX-234,,,,
id_mantenimiento, Descripcion, Fecha_mantenimiento, id_tipo_mantenimiento, id_bus,,,,
009, Chequeo de motor, 2024-02-20, 009, YZA-567,,,,
id_mantenimiento, Descripcion, Fecha_mantenimiento, id_tipo_mantenimiento, id_bus,,,,
010, Ajuste de suspensiÃ³n, 2024-02-25, 010, BCD-890,,,,
id_mantenimiento, Descripcion, Fecha_mantenimiento, id_tipo_mantenimiento, id_bus,,,,
011, RevisiÃ³n de radiador, 2024-03-01, 011, EFG-123,,,,
id_mantenimiento, Descripcion, Fecha_mantenimiento, id_tipo_mantenimiento, id_bus,,,,
012, RevisiÃ³n de sistema de escape, 2024-03-05, 012, HIJ-456,,,,
id_mantenimiento, Descripcion, Fecha_mantenimiento, id_tipo_mantenimiento, id_bus,,,,
013, Chequeo de inyectores, 2024-03-10, 013, KLM-789,,,,
id_mantenimiento, Descripcion, Fecha_mantenimiento, id_tipo_mantenimiento, id_bus,,,,
014, Cambio de filtro de aire, 2024-03-15, 014, NOP-012,,,,
id_mantenimiento, Descripcion, Fecha_mantenimiento, id_tipo_mantenimiento, id_bus,,,,
015, Cambio de correa de distribuciÃ³n, 2024-03-20, 015, QRS-345,,,,
id_mantenimiento, Descripcion, Fecha_mantenimiento, id_tipo_mantenimiento, id_bus,,,,
016, Chequeo de luces delanteras, 2024-03-25, 016, TUV-678,,,,
id_mantenimiento, Descripcion, Fecha_mantenimiento, id_tipo_mantenimiento, id_bus,,,,
017, RevisiÃ³n de climatizaciÃ³n, 2024-03-30, 017, WXY-901,,,,
id_mantenimiento, Descripcion, Fecha_mantenimiento, id_tipo_mantenimiento, id_bus,,,,
018, Cambio de llantas traseras, 2024-04-01, 018, ZAB-234,,,,
id_mantenimiento, Descripcion, Fecha_mantenimiento, id_tipo_mantenimiento, id_bus,,,,
019, Chequeo del sistema ABS, 2024-04-05, 019, CDE-567,,,,
id_mantenimiento, Descripcion, Fecha_mantenimiento, id_tipo_mantenimiento, id_bus,,,,
020, RevisiÃ³n del sistema de transmisiÃ³n, 2024-04-10, 020, FGH-890,,,,
id_mantenimiento, Descripcion, Fecha_mantenimiento, id_tipo_mantenimiento, id_bus,,,,
021, RevisiÃ³n de direcciÃ³n hidrÃ¡ulica, 2024-04-15, 021, HIJ-123,,,,
id_mantenimiento, Descripcion, Fecha_mantenimiento, id_tipo_mantenimiento, id_bus,,,,
022, Chequeo del sistema de frenos, 2024-04-20, 022, KLM-456,,,,
id_mantenimiento, Descripcion, Fecha_mantenimiento, id_tipo_mantenimiento, id_bus,,,,
023, Cambio de aceite del motor, 2024-04-25, 023, NOP-789,,,,
id_mantenimiento, Descripcion, Fecha_mantenimiento, id_tipo_mantenimiento, id_bus,,,,
024, Chequeo de amortiguadores, 2024-04-30, 024, QRS-012,,,,
id_mantenimiento, Descripcion, Fecha_mantenimiento, id_tipo_mantenimiento, id_bus,,,,
025, RevisiÃ³n de cables elÃ©ctricos, 2024-05-01, 025, TUV-345,,,,
id_mantenimiento, Descripcion, Fecha_mantenimiento, id_tipo_mantenimiento, id_bus,,,,
026, Chequeo de transmisiÃ³n automÃ¡tica, 2024-05-05, 026, WXY-678,,,,
id_mantenimiento, Descripcion, Fecha_mantenimiento, id_tipo_mantenimiento, id_bus,,,,
027, RevisiÃ³n de sistema de combustible, 2024-05-10, 027, ZAB-901,,,,
id_mantenimiento, Descripcion, Fecha_mantenimiento, id_tipo_mantenimiento, id_bus,,,,
028, Cambio de pastillas traseras, 2024-05-15, 028, RPC-756,,,,
id_mantenimiento, Descripcion, Fecha_mantenimiento, id_tipo_mantenimiento, id_bus,,,,
029, Chequeo del sistema de escape, 2024-05-20, 029, JXK-086,,,,
id_mantenimiento, Descripcion, Fecha_mantenimiento, id_tipo_mantenimiento, id_bus,,,,
030, RevisiÃ³n del sistema de suspensiÃ³n, 2024-05-25, 030, HIS-063,,,,
id_seguro, Nombre, Descripcion, id_empresa,,,,,
001, Seguro Todo Riesgo, Cobertura completa contra accidentes y daÃ±os, 001,,,,,
id_seguro, Nombre, Descripcion, id_empresa,,,,,
002, Seguro de Responsabilidad Civil, Cobertura contra daÃ±os a terceros, 002,,,,,
id_seguro, Nombre, Descripcion, id_empresa,,,,,
003, Seguro de DaÃ±os Parciales, Cobertura limitada a ciertos tipos de daÃ±os, 003,,,,,
id_seguro, Nombre, Descripcion, id_empresa,,,,,
004, Seguro Contra Incendios, Cobertura contra incendios en el vehÃ­culo, 0004,,,,,
id_seguro, Nombre, Descripcion, id_empresa,,,,,
005, Seguro de Accidentes Personales, Cobertura para el conductor y pasajeros en caso de accidente, 005,,,,,
id_seguro, Nombre, Descripcion, id_empresa,,,,,
006, Seguro de Robo, Cobertura en caso de robo del vehÃ­culo, 006,,,,,
id_seguro, Nombre, Descripcion, id_empresa,,,,,
007, Seguro de DaÃ±os a Terceros, Cobertura por daÃ±os causados a otros vehÃ­culos, 007,,,,,
id_seguro, Nombre, Descripcion, id_empresa,,,,,
008, Seguro de Asistencia en Carretera, Asistencia en caso de averÃ­as durante el trayecto, 008,,,,,
id_seguro, Nombre, Descripcion, id_empresa,,,,,
009, Seguro de Reparaciones MecÃ¡nicas, Cobertura para reparaciones imprevistas, 009,,,,,
id_seguro, Nombre, Descripcion, id_empresa,,,,,
0010, Seguro de Vidrios y Espejos, Cobertura para roturas de vidrios y espejos, 0010,,,,,
id_seguro, Nombre, Descripcion, id_empresa,,,,,
0011, Seguro de Viajero, Cobertura para los pasajeros en viajes de larga distancia, 0011,,,,,
id_seguro, Nombre, Descripcion, id_empresa,,,,,
0012, Seguro de Cobertura Total, Cobertura completa para el vehÃ­culo y pasajeros, 0012,,,,,
id_seguro, Nombre, Descripcion, id_empresa,,,,,
0013, Seguro de Accidentes con Terceros, Cobertura en caso de colisiÃ³n con otro vehÃ­culo, 0013,,,,,
id_seguro, Nombre, Descripcion, id_empresa,,,,,
0014, Seguro de ClimatizaciÃ³n, Cobertura para daÃ±os en el sistema de aire acondicionado, 0014,,,,,
id_seguro, Nombre, Descripcion, id_empresa,,,,,
0015, Seguro de Frenos, Cobertura para reparaciones en el sistema de frenos, 0015,,,,,
id_seguro, Nombre, Descripcion, id_empresa,,,,,
0016, Seguro de SuspensiÃ³n, Cobertura para problemas con la suspensiÃ³n del vehÃ­culo, 0016,,,,,
id_seguro, Nombre, Descripcion, id_empresa,,,,,
0017, Seguro de NeumÃ¡ticos, Cobertura para pinchazos o daÃ±os en las llantas, 0017,,,,,
id_seguro, Nombre, Descripcion, id_empresa,,,,,
0018, Seguro de Mantenimiento Preventivo, Cobertura para mantenimientos periÃ³dicos, 0018,,,,,
id_seguro, Nombre, Descripcion, id_empresa,,,,,
0019, Seguro de Fuego y Robo, Cobertura en caso de incendio o robo del vehÃ­culo, 0019,,,,,
id_seguro, Nombre, Descripcion, id_empresa,,,,,
0020, Seguro de Cobertura Parcial, Cobertura limitada para daÃ±os menores, 0020,,,,,
id_seguro, Nombre, Descripcion, id_empresa,,,,,
0021, Seguro de Asistencia Legal, Asistencia legal en caso de accidentes, 0021,,,,,
id_seguro, Nombre, Descripcion, id_empresa,,,,,
0022, Seguro de DaÃ±os ElÃ©ctricos, Cobertura para fallos en el sistema elÃ©ctrico, 0022,,,,,
id_seguro, Nombre, Descripcion, id_empresa,,,,,
0023, Seguro de DaÃ±os a Pasajeros, Cobertura para lesiones a pasajeros durante el viaje, 0023,,,,,
id_seguro, Nombre, Descripcion, id_empresa,,,,,
0024, Seguro de Paradas Intermedias, Cobertura en estaciones de servicio o paradas intermedias, 0024,,,,,
id_seguro, Nombre, Descripcion, id_empresa,,,,,
0025, Seguro de VehÃ­culo de Repuesto, Cobertura para disponer de un vehÃ­culo de repuesto en caso de averÃ­a, 0025,,,,,
id_seguro, Nombre, Descripcion, id_empresa,,,,,
0026, Seguro de Cobertura Internacional, Cobertura para viajes internacionales, 0026,,,,,
id_seguro, Nombre, Descripcion, id_empresa,,,,,
0027, Seguro de Amortiguadores, Cobertura para reemplazo de amortiguadores, 0027,,,,,
id_seguro, Nombre, Descripcion, id_empresa,,,,,
0028, Seguro de DirecciÃ³n, Cobertura para problemas en el sistema de direcciÃ³n, 0028,,,,,
id_seguro, Nombre, Descripcion, id_empresa,,,,,
0029, Seguro de DaÃ±os a Carga, Cobertura para la mercancÃ­a transportada, 0029,,,,,
id_seguro, Nombre, Descripcion, id_empresa,,,,,
0030, Seguro de Viajeros, Cobertura para los pasajeros en caso de accidentes, 0030,,,,,
id_destino, Nombre, id_modulo, id_ciudad_origen, id_ciudad_destino,,,,
001, Cartagena, 002, 002, 001,,,,
002, Caucacia, 0018, 001, 002,,,,
003, MonterÃ­a, 006, 004, 003,,,,
004, ApartadÃ³, 003, 003, 004,,,,
005, Santa Marta, 0012, 006, 005,,,,
006, MedellÃ­n, 003, 005, 006,,,,
007, Valledupar, 020, 008, 007,,,,
008, Rionegro, 0018, 007, 008,,,,
009, Sincelejo, 0017, 0010, 009,,,,
0010, Santa Rosa de Osos, 003, 009, 0010,,,,
0011, San Juan del Cesar, 0012, 0011, 0011,,,,
0012, Envigado, 0018, 0011, 0012,,,,
0013, CiÃ©naga, 007, 0014, 0013,,,,
0014, Barranquilla, 007, 0013, 0014,,,,
0015, Guatape, 003, 0016, 0015,,,,
0016, Maicao, 002, 0015, 0016,,,,
0017, El peÃ±ol, 0018, 0018, 0017,,,,
0018, Uribia, 003, 0017, 0018,,,,
0019, Caramanta, 0018, 0020, 0019,,,,
0020, Aracataca, 0020, 0019, 0020,,,,
0021, BriceÃ±o, 003, 0022, 0021,,,,
0022, San Juan del Cesar, 007, 0021, 0022,,,,
0023, Riohacha, 002, 0024, 0023,,,,
0024, El banco, 007, 0023, 0024,,,,
0025, FundaciÃ³n, 0013, 0026, 0025,,,,
0026, Puerto Berrio, 0018, 0025, 0026,,,,
0027, Marinilla, 003, 0028, 0027,,,,
0028, Santa Catalina, 001, 0027, 0028,,,,
0029, Turbaco, 0023, 0030, 0029,,,,
0030, San Marcos, 0025, 0029, 0030,,,,
id_ruta, Nombre, id_paradas_intermedias,,,,,,
001,Cartagena , 001,,,,,,
002, Caucacia, 002,,,,,,
003, MonterÃ­a, 003,,,,,,
004, ApartadÃ³, 004,,,,,,
005, Santa Marta, 005,,,,,,
006, MedellÃ­n, 006,,,,,,
007, Valledupar,007,,,,,,
008, Rionegro, 008,,,,,,
009, Sincelejo, 009,,,,,,
0010,Santa Rosa de Osos, 0010,,,,,,
0011, San Juan del Cesar, 0011,,,,,,
0012, Envigado, 0012,,,,,,
0013,  CiÃ©naga , 0013,,,,,,
0014, Barranquilla, 0014,,,,,,
0015,Guatape, 0015,,,,,,
0016, Maicao, 0016,,,,,,
0017, El peÃ±ol, 0017,,,,,,
0018, Uribia, 0018,,,,,,
0019, Caramanta, 0019,,,,,,
0020, Aracataca, 0020,,,,,,
0021, BriceÃ±o, 0021,,,,,,
0022, San Juan del Cesar, 0022,,,,,,
0023, Riohacha, 0023,,,,,,
0024, El banco, 0024,,,,,,
0025, FundaciÃ³n, 0025,,,,,,
0026, Puerto Berrio, 0026,,,,,,
0027, Marinilla, 0027,,,,,,
0028, Santa Catalina, 0028,,,,,,
0029, Turbaco, 0029,,,,,,
0030, San Marcos, 0030,,,,,,
Id_destino, id_ruta,,,,,,,
001, 001,,,,,,,
002, 002,,,,,,,
003, 003,,,,,,,
004, 004,,,,,,,
005, 005,,,,,,,
006, 006,,,,,,,
007, 007,,,,,,,
008, 008,,,,,,,
009, 009,,,,,,,
0010, 0010,,,,,,,
0011, 0011,,,,,,,
0012, 0012,,,,,,,
0013, 0013,,,,,,,
0014, 0014,,,,,,,
0015, 0015,,,,,,,
0016, 0016,,,,,,,
0017, 0017,,,,,,,
0018, 0018,,,,,,,
0019, 0019,,,,,,,
0020, 0020,,,,,,,
0021, 0021,,,,,,,
0022, 0022,,,,,,,
0023, 0023,,,,,,,
0024, 0024,,,,,,,
0025, 0025,,,,,,,
0026, 0026,,,,,,,
0027, 0027,,,,,,,
0028, 0028,,,,,,,
0029, 0029,,,,,,,
0030, 0030,,,,,,,
Id_bus, id_ruta,,,,,,,
ABC-123, 001,,,,,,,
DEF-456, 002,,,,,,,
GHI-789, 003,,,,,,,
JKL-012, 004,,,,,,,
MNO-345, 005,,,,,,,
PQR-678, 006,,,,,,,
STU-901, 007,,,,,,,
VWX-234, 008,,,,,,,
YZA-567, 009,,,,,,,
BCD-890, 0010,,,,,,,
EFG-123, 0011,,,,,,,
HIJ-456, 0012,,,,,,,
KLM-789, 0013,,,,,,,
NOP-012, 0014,,,,,,,
QRS-345, 0015,,,,,,,
TUV-678, 0016,,,,,,,
WXY-901, 0017,,,,,,,
ZAB-234, 0018,,,,,,,
CDE-567, 0019,,,,,,,
FGH-890, 0020,,,,,,,
HIJ-123, 0021,,,,,,,
KLM-456, 0022,,,,,,,
NOP-789, 0023,,,,,,,
QRS-012, 0024,,,,,,,
TUV-345, 0025,,,,,,,
WXY-678, 0026,,,,,,,
ZAB-901, 0027,,,,,,,
RPC-756, 0028,,,,,,,
JXK-086, 0029,,,,,,,
HIS-063, 0030,,,,,,,
id_parada, Nombre_parada, id_ciudad,,,,,,
001,Parada a restaurante, 001,,,,,,
002,Parada de gasolina, 002,,,,,,
003,Parada por llanta, 003,,,,,,
004,Parada a restaurante,004,,,,,,
005,Parada para descansar, 005,,,,,,
006,Parada por transito,006,,,,,,
007,Parada por calentamiento de motor,007,,,,,,
008,Parada a restaurante,008,,,,,,
009,Parada a terminal oficial,009,,,,,,
0010,Parada por emergencia medica, 0010,,,,,,
0011,Parada turistica, 0011,,,,,,
0012,Parada para intercambio de conductores, 0012,,,,,,
0013,Parada para cambio de bus,0013,,,,,,
0014,Parada para lavar bus,0014,,,,,,
0015,Parada a restaurante,0015,,,,,,
0016,Parada a restaurante,0016,,,,,,
0017,Parada a terminal oficial, 0017,,,,,,
0018,Parada por calentamiento de motor,0018,,,,,,
0019,Parada por gasolina ,0019,,,,,,
0020,Parada por gasolina, 0020,,,,,,
0021,Parada por emergencia medica, 0021,,,,,,
0022,Parada por llanta,0022,,,,,,
0023,Parada para descansar,0023,,,,,,
0024,Parada para intercambio de conductores, 0024,,,,,,
0025,Parada a restaurante , 0025,,,,,,
0026,Parada por gasolina,0026,,,,,,
0027,Parada por transito,0027,,,,,,
0028,Parada por llanta,0028,,,,,,
0029,parada por gasolina, 0029,,,,,,
0030,Parada por gasolina, 0030,,,,,,
id_viaje, Fecha_salida, Valor, id_bus, id_conductor, id_ruta, id_ciudad_origen, id_ciudad_destino,
001, 2023-01-15, 102.45, ABC-123, 100001, 001, 002, 001,
002, 2023-02-08, 215.78, CDE-567, 100019, 002, 001, 002,
003, 2023-03-22, 345.90, HIJ-123, 100021, 003, 004, 003,
004, 2023-04-18, 478.25, HIJ-456, 100012, 004, 003, 004,
005, 2023-05-07, 125.00, JKL-012, 100004, 005, 006, 005,
006, 2023-06-13, 380.15, JXK-086, 100029, 006, 005, 006,
007, 2023-07-29, 245.60, KLM-789, 100013, 007, 008, 007,
008, 2023-08-11, 400.99, NOP-012, 100014, 008, 007, 008,
009, 2023-09-03, 155.30, QRS-012, 100024, 009, 0010, 009,
0010, 2023-10-19, 210.10, QRS-345, 100015, 0010, 009, 0010,
0011, 2023-11-25, 320.85, STU-901, 100007, 0011, 0012, 0011,
0012, 2023-12-05, 150.50, VWX-234, 100008, 0012, 0011, 0012,
0013, 2022-01-10, 275.45, YZA-567, 100009, 0013, 0014, 0013,
0014, 2022-02-16, 499.99, ZAB-901, 100027, 0014, 0013, 0014,
0015, 2022-03-27, 180.75, ABC-123, 100001, 0015, 0016, 0015,
0016, 2022-04-09, 360.00, BCD-890, 100010, 0016, 0015, 0016,
0017, 2022-05-20, 298.40, EFG-123, 100011, 0017, 0018, 0017,
0018, 2022-06-08, 430.60, MNO-345, 100005, 0018, 0017, 0018,
0019, 2022-07-12, 220.25, KLM-789, 100013, 0019, 0020, 0019,
0020, 2022-08-24, 390.90, RPC-756, 100028, 0020, 0019, 0020,
0021, 2022-09-17, 135.70, HIS-063, 100030, 0021, 0022, 0021,
0022, 2022-10-06, 175.10, NOP-012, 100014, 0022, 0021, 0022,
0023, 2022-11-14, 250.00, WXY-678, 100026, 0023, 0024, 0023,
0024, 2022-12-21, 450.80, PQR-678, 100006, 0024, 0023, 0024,
0025, 2021-01-30, 380.25, NOP-789, 100023, 0025, 0026, 0025,
0026, 2021-02-18, 150.99, JKL-012, 100004, 0026, 0025, 0026,
0027, 2021-03-05, 495.50, WXY-901, 100017, 0027, 0028, 0027,
0028, 2021-04-12, 275.00, FGH-890, 100020, 0028, 0027, 0028,
0029, 2021-05-28, 150.15, KLM-456, 100022, 0029, 0030, 0029,
0030, 2021-06-15, 430.45, ZAB-901, 100027, 0030, 0029, 0030,
id_cliente, Nombres, Apellidos, Telefono, Correo, id_tipo_cliente, id_ciudad_origen, id_ciudad_residencia,
001, Juan, PÃ©rez, 3012345678, juan.perez@example.com, 001, 001, 0029,
002, MarÃ­a, GÃ³mez, 3023456789, maria.gomez@example.com, 002, 002, 0028,
003, Luis, HernÃ¡ndez, 3034567890, luis.hernandez@example.com, 003, 003, 0027,
004, Ana, RamÃ­rez, 3045678901, ana.ramirez@example.com, 004, 004, 0030,
005, Carlos, MartÃ­nez, 3056789012, carlos.martinez@example.com, 005, 005, 0026,
006, Laura, Torres, 3067890123, laura.torres@example.com, 006, 006, 0025,
007, David, Cruz, 3078901234, david.cruz@example.com, 007, 007, 0025,
008, Sara, Morales, 3089012345, sara.morales@example.com, 008, 008, 0027,
009, Jorge, JimÃ©nez, 3090123456, jorge.jimenez@example.com, 009, 009, 0030,
0010, Carmen, DÃ­az, 3101234567, carmen.diaz@example.com, 0010, 0010, 0027,
0011, AndrÃ©s, SuÃ¡rez, 3112345678, andres.suarez@example.com, 0011, 0011, 0028,
0012, VerÃ³nica, Vargas, 3123456789, veronica.vargas@example.com, 0012, 0012, 0029,
0013, Ricardo, Mendoza, 3134567890, ricardo.mendoza@example.com, 0013, 0013, 0019,
0014, Patricia, Castro, 3145678901, patricia.castro@example.com, 0014, 0014, 0011,
0015, Fernando, Paredes, 3156789012, fernando.paredes@example.com, 0015, 0015, NULL,
0016, Liliana, Salazar, 3167890123, liliana.salazar@example.com, 0016, 0016, 0014,
0017, Eduardo, Moreno, 3178901234, eduardo.moreno@example.com, 0017, 0017, 0013,
0018, SofÃ­a, Rojas, 3189012345, sofia.rojas@example.com, 0018, 0018, 0012,
0019, Diego, Ochoa, 3190123456, diego.ochoa@example.com, 0019, 0019, 0011,
0020, LucÃ­a, Guerrero, 3201234567, lucia.guerrero@example.com, 0020, 0020, 0010,
0021, Ãngel, CÃ³rdoba, 3212345678, angel.cordoba@example.com, 0021, 0021, 005,
0022, Valentina, CÃ¡ceres, 3223456789, valentina.caceres@example.com, 0022, 0022, 004,
0023, SebastiÃ¡n, GonzÃ¡lez, 3234567890, sebastian.gonzalez@example.com, 0023, 0023, 003,
0024, Isabella, Maldonado, 3245678901, isabella.maldonado@example.com, 0024, 0024, 002,
0025, NicolÃ¡s, BermÃºdez, 3256789012, nicolas.bermudez@example.com, 0025, 0025, 001,
0026, Mariana, Ceballos, 3267890123, mariana.ceballos@example.com, 0026, 0026, 005,
0027, HÃ©ctor, RincÃ³n, 3278901234, hector.rincon@example.com, 0027, 0027, 004,
0028, Gabriela, LÃ³pez, 3289012345, gabriela.lopez@example.com, 0028, 0028, 003,
0029, Arturo, Alvarez, 3290123456, arturo.alvarez@example.com, 0029, 0029, 002,
0030, Natalia, Pinto, 3301234567, natalia.pinto@example.com, 0030, 0030, 001,
id_tipo_cliente, Nombre, Descripcion,,,,,,
001, Corporativo, Grandes empresas que adquieren productos o servicios a gran escala.,,,,,,
002, PequeÃ±a empresa, PequeÃ±as empresas o startups con necesidades limitadas.,,,,,,
003, Mediana empresa, Empresas medianas que adquieren productos en volÃºmenes moderados.,,,,,,
004, Individual, Clientes que compran productos para uso personal.,,,,,,
005, Distribuidor, Compran productos para distribuir en otros mercados o minoristas.,,,,,,
006, Minorista, Tiendas que venden productos directamente al consumidor final.,,,,,,
007, Mayorista, Compradores que adquieren grandes volÃºmenes para reventa a minoristas.,,,,,,
008, Gobierno, Entidades gubernamentales que adquieren productos o servicios para uso pÃºblico.,,,,,,
009, ONG, Organizaciones sin Ã¡nimo de lucro que requieren productos o servicios para sus proyectos.,,,,,,
0010, Educativo, Instituciones educativas que compran productos para uso acadÃ©mico.,,,,,,
0011, Cliente habitual, Clientes que hacen compras recurrentes de manera periÃ³dica.,,,,,,
0012, Cliente esporÃ¡dico, Clientes que realizan compras ocasionales sin frecuencia definida.,,,,,,
0013, Cliente VIP, Clientes importantes que reciben atenciÃ³n especial por su volumen de compra.,,,,,,
0014, Cliente nuevo, Clientes que acaban de realizar su primera compra.,,,,,,
0015, Cliente antiguo, Clientes que no han comprado en mucho tiempo pero lo han hecho en el pasado.,,,,,,
0016, Cliente online, Clientes que realizan sus compras a travÃ©s de plataformas en lÃ­nea.,,,,,,
0017, Cliente offline, Clientes que prefieren realizar compras en tiendas fÃ­sicas.,,,,,,
0018, Cliente internacional, Clientes que compran productos desde otros paÃ­ses.,,,,,,
0019, Cliente nacional, Clientes que realizan compras dentro del territorio nacional.,,,,,,
0020, Cliente premium, Clientes que adquieren productos o servicios de categorÃ­a superior.,,,,,,
0021, Cliente bÃ¡sico, Clientes que adquieren productos o servicios estÃ¡ndar o bÃ¡sicos.,,,,,,
0022, Cliente leal, Clientes que muestran fidelidad constante hacia la empresa.,,,,,,
0023, Cliente perdido, Clientes que han dejado de comprar durante un largo periodo de tiempo.,,,,,,
0024, Cliente nuevo, Clientes que acaban de realizar su primera compra.,,,,,,
0025, Proveedor, Empresas o individuos que tambiÃ©n proveen productos y que compran para reventa.,,,,,,
0026, Cliente potencial, Clientes que han mostrado interÃ©s, pero aÃºn no han realizado una compra.,,,,,
0027, Cliente antiguo, Clientes que no han comprado en mucho tiempo pero lo han hecho en el pasado.,,,,,,
0028, Cliente por campaÃ±a, Clientes que han llegado a la empresa mediante campaÃ±as de marketing.,,,,,,
0029, Cliente de contrato, Clientes que adquieren productos bajo un contrato formal con la empresa.,,,,,,
0030, Cliente con suscripciÃ³n, Clientes que tienen una suscripciÃ³n para recibir productos o servicios regularmente.,,,,,,
id_metodo_pago, Nombre,,,,,,,
001, Tarjeta de crÃ©dito,,,,,,,
002, Tarjeta de dÃ©bito,,,,,,,
003, Transferencia bancaria,,,,,,,
004, Efectivo,,,,,,,
005, Transferencia bancaria,,,,,,,
006, Pago mÃ³vil,,,,,,,
007, Daviplata,,,,,,,
008, Efectivo,,,,,,,
009, Transferencia bancaria,,,,,,,
0010, Tarjeta de crÃ©dito,,,,,,,
0011, Nequi,,,,,,,
0012, DÃ©bito automÃ¡tico,,,,,,,
0013, Transferencia bancaria,,,,,,,
0014, Efectivo,,,,,,,
0015, Pago mÃ³vil,,,,,,,
0016, Daviplata,,,,,,,
0017, Tarjeta de crÃ©dito,,,,,,,
0018, Efectivo,,,,,,,
0019, Pago en oficina,,,,,,,
0020, Pago por cÃ³digo QR,,,,,,,
0021, Pago en tienda fÃ­sica,,,,,,,
0022, Tarjeta de crÃ©dito,,,,,,,
0023, Efectivo,,,,,,,
0024, Pago por depÃ³sito en cuenta,,,,,,,
0025, Pago por ventanilla bancaria,,,,,,,
0026, Pago con tarjeta prepaga,,,,,,,
0027, Nequi,,,,,,,
0028, Efectivo,,,,,,,
0029, Tarjeta de crÃ©dito,,,,,,,
0030, Pago por factura electrÃ³nica,,,,,,,
id_boleto, Numero_asiento, id_destino, id_empresa, id_bus, id_ruta,,,
001, 01, 001, 001, ABC-123, 001,,,
002, 02, 002, 002, DEF-456, 002,,,
003, 03, 003, 003, GHI-789, 003,,,
004, 04, 004, 004, JKL-012, 004,,,
005, 05, 005, 005, MNO-345, 005,,,
006, 06, 006, 006, PQR-678, 006,,,
007, 07, 007, 007, STU-901, 007,,,
008, 08, 008, 008, VWX-234, 008,,,
009, 09, 009, 009, YZA-567, 009,,,
0010, 10, 0010, 0010, BCD-890, 0010,,,
0011, 11, 0011, 0011, EFG-123, 0011,,,
0012, 12, 0012, 0012, HIJ-456, 0012,,,
0013, 13, 0013, 0013, KLM-789, 0013,,,
0014, 14, 0014, 0014, NOP-012, 0014,,,
0015, 15, 0015, 0015, QRS-345, 0015,,,
0016, 16, 0016, 0016, TUV-678, 0016,,,
0017, 17, 0017, 0017, WXY-901, 0017,,,
0018, 18, 0018, 0018, ZAB-234, 0018,,,
0019, 19, 0019, 0019, CDE-567, 0019,,,
0020, 20, 0020, 0020, FGH-890, 0020,,,
0021, 21, 0021, 0021, HIJ-123, 0021,,,
0022, 22, 0022, 0022, KLM-456, 0022,,,
0023, 23, 0023, 0023, NOP-789, 0023,,,
0024, 24, 0024, 0024, QRS-012, 0024,,,
0025, 25, 0025, 0025, TUV-345, 0025,,,
0026, 26, 0026, 0026, WXY-678, 0026,,,
0027, 27, 0027, 0027, ZAB-901, 0027,,,
0028, 28, 0028, 0028, RPC-756, 0028,,,
0029, 29, 0029, 0029, JXK-086, 0029,,,
0030, 30, 0030, 0030, HIS-063, 0030,,,
id_equipaje, peso, descripcion, id_cliente, id_boleto,,,,
001, 12.55, Maleta color azul tres cremalleras y stiker de boleto al frente, 001, 001,,,,
002, 15.44, Bolso de camper azul y negro con una estrella atras, 002, 002,,,,
003, 8.66, Maleta totto negra con reflectiva, con boleto al frente, 003, 003,,,
004, 4.02, Cartera cafÃ© claro con candado, 004, 004,,,,
005, 9.41, Canasta con toalla encima de color verde, con el stiker del boleto en la manija, 005, 005,,,
006, 7.50, Mochila de lona marrÃ³n con una etiqueta grande en el lateral, 006, 006,,,,
007, 10.20, Bolso deportivo rojo y negro con rayas horizontales, 007, 007,,,,
008, 5.35, MaletÃ­n gris con tiras de cuero y cremallera dorada, 008, 008,,,,
009, 12.85, Bolsa negra de viaje con diseÃ±o de rayas en los laterales, 009, 009,,,,
0010, 6.75, Maleta pequeÃ±a verde con estampa de flores en el centro, 0010, 0010,,,,
0011, 8.90, Bolso de mano morado con un parche de estrella, 0011, 0011,,,,
0012, 7.25, Cartera negra con hebilla plateada en la parte frontal, 0012, 0012,,,,
0013, 9.80, Mochila azul con estampado de montaÃ±as en la tapa, 0013, 0013,,,,
0014, 13.00, MaletÃ­n de cuero marrÃ³n con bordes desgastados, 0014, 0014,,,,
0015, 11.55, Bolso negro con dos cremalleras en los costados, 0015, 0015,,,,
0016, 6.45, Mochila con diseÃ±o de camuflaje y varios bolsillos externos, 0016, 0016,,,,
0017, 14.20, Maleta gris con detalles en color azul y cierre con clave, 0017, 0017,,,,
0018, 10.90, Bolso deportivo verde con logo de equipo de fÃºtbol, 0018, 0018,,,,
0019, 7.80, Bolsa de viaje azul con estampado de lunares, 0019, 0019,,,,
0020, 9.30, MaletÃ­n negro con asas acolchonadas y logotipo en el frente, 0020, 0020,,,,
0021, 12.00, Bolso de lona gris con tirantes de cuero y cierre frontal, 0021, 0021,,,,
0022, 11.35, Mochila escolar rosa con diseÃ±o de caricaturas, 0022, 0022,,,,
0023, 13.25, Maleta rÃ­gida plateada con ruedas y etiqueta lateral, 0023, 0023,,,,
0024, 8.10, Bolso de mano azul con cremalleras doradas, 0024, 0024,,,,
0025, 14.80, Maleta negra grande con ruedas y asa extensible, 0025, 0025,,,,
0026, 9.75, Bolsa de viaje morada con diseÃ±o de rayas, 0026, 0026,,,,
0027, 12.40, MaletÃ­n gris con compartimentos adicionales, 0027, 0027,,,,
0028, 10.65, Mochila amarilla con bolsillos laterales y parche frontal, 0028, 0028,,,,
0029, 6.95, Cartera roja con cierre magnÃ©tico y cadena dorada, 0029, 0029,,,,
0030, 8.85, Bolsa deportiva azul con cremallera lateral y logotipo, 0030, 0030,,,,
id_factura, Fecha_facturacion, Valor_total, id_boleto, id_seguro, id_equipaje, id_viaje, id_metodo_pago,
001, 2024-01-12, 71000.00, 001, 001, 001, 001, 001,
002, 2024-01-13, 72000.00, 002, 002, 002, 002, 002,
003, 2024-01-14, 73000.00, 003, 003, 003, 003, 003,
004, 2024-01-15, 74000.00, 004, 004, 004, 004, 004,
005, 2024-02-16, 75000.00, 005, 005, 005, 005, 005,
006, 2024-02-17, 76000.00, 006, 006, 006, 006, 006,
007, 2024-02-18, 77000.00, 007, 007, 007, 007, 007,
008, 2024-02-19, 78000.00, 008, 008, 008, 008, 008,
009, 2024-03-20, 79000.00, 009, 009, 009, 009, 009,
0010, 2024-03-12, 80000.00, 0010, 0010, 0010, 0010, 0010,
0011, 2024-03-16, 81000.00, 0011, 0011, 0011, 0011, 0011,
0012, 2024-04-18, 82000.00, 0012, 0012, 0012, 0012, 0012,
0013, 2024-04-19, 83000.00, 0013, 0013, 0013, 0013, 0013,
0014, 2024-04-30, 84000.00, 0014, 0014, 0014, 0014, 0014,
0015, 2024-04-29, 85000.00, 0015, 0015, 0015, 0015, 0015,
0016, 2024-04-20, 86000.00, 0016, 0016, 0016, 0016, 0016,
0017, 2024-05-21, 87000.00, 0017, 0017, 0017, 0017, 0017,
0018, 2024-05-22, 88000.00, 0018, 0018, 0018, 0018, 0018,
0019, 2024-05-25, 89000.00, 0019, 0019, 0019, 0019, 0019,
0020, 2024-06-01, 90000.00, 0020, 0020, 0020, 0020, 0020,
0021, 2024-06-02, 91000.00, 0021, 0021, 0021, 0021, 0021,
0022, 2024-06-04, 92000.00, 0022, 0022, 0022, 0022, 0022,
0023, 2024-07-04, 93000.00, 0023, 0023, 0023, 0023, 0023,
0024, 2024-07-06, 94000.00, 0024, 0024, 0024, 0024, 0024,
0025, 2024-08-27, 95000.00, 0025, 0025, 0025, 0025, 0025,
0026, 2024-08-30, 96000.00, 0026, 0026, 0026, 0026, 0026,
0027, 2024-09-27, 97000.00, 0027, 0027, 0027, 0027, 0027,
0028, 2024-09-28, 98000.00, 0028, 0028, 0028, 0028, 0028,
0029, 2024-09-29, 99000.00, 0029, 0029, 0029, 0029, 0029,
0030, 2024-10-08, 100000.00, 0030, 0030, 0030, 0030, 0030,
